{
  "split": "test_novel",
  "indices": [
    945,
    756,
    466,
    718,
    651,
    593,
    492,
    696,
    454,
    698,
    257,
    772,
    764,
    66,
    910,
    569,
    621,
    561,
    981,
    68,
    459,
    733,
    148,
    567,
    457,
    308,
    611,
    874,
    570,
    292,
    840,
    211,
    603,
    73,
    663,
    564,
    758,
    703,
    941,
    37,
    100,
    487,
    848,
    797,
    119,
    40,
    951,
    298
  ],
  "seed": 1337,
  "created_utc": "2025-11-08T19:16:03.777989Z",
  "count": 48
}